feature,importance
num__OverallQual_x_TotalSF,0.1538041412813196
cat__ExterQual_TA,0.12459300917703861
num__OverallQual,0.1189186368693563
num__OverallQual_x_GrLivArea,0.08956559415409128
num__Log1p_TotalSF,0.07766660552053553
num__TotalSF,0.06782023139640957
num__GarageCars,0.022716902569328505
num__YearBuilt,0.019038547232194544
num__HouseAge,0.018009020902351913
num__Log1p_GrLivArea,0.01517138991985722
num__GrLivArea,0.013911659181711753
cat__CentralAir_Y,0.013522322093412703
cat__CentralAir_N,0.012582822787727457
cat__BsmtQual_Ex,0.012230198616421124
num__TotalBathrooms,0.012000565952403617
num__GarageScore,0.01090595061283676
num__FullBath,0.007688559467594437
cat__MSZoning_RM,0.006113920148524826
cat__ExterQual_Fa,0.0058807759545241286
cat__MSZoning_C (all),0.005508277026039425
cat__FireplaceQu_Missing,0.00543246034208793
cat__KitchenQual_TA,0.004621917699396309
num__HasFireplace,0.004364268415517934
num__OverallCond,0.0041451601506304935
num__GarageArea,0.0035678976841872516
cat__KitchenQual_Gd,0.003363533350342296
num__BsmtFinSF1,0.003325202422186741
cat__GarageType_Attchd,0.0032260324242259827
cat__GarageQual_TA,0.0031460076366863223
cat__MSZoning_RL,0.00312554274804142
num__RemodAge,0.0029781209178306183
num__YearRemodAdd,0.00294588159215389
num__Log1p_1stFlrSF,0.002806770944313536
num__1stFlrSF,0.0027022137437282896
num__TotalBsmtSF,0.0026474176411254626
cat__KitchenQual_Ex,0.002620198417090396
num__Log1p_LotArea,0.00248621288204562
cat__SaleCondition_Abnorml,0.0024676477934291027
cat__GarageType_Detchd,0.0024473218602479225
cat__LandContour_Bnk,0.0023253081117714253
num__Log1p_GarageArea,0.00218202968151611
num__LotArea,0.002165565931131535
cat__Neighborhood_OldTown,0.002142721571781983
cat__Neighborhood_Edwards,0.0019409909732661529
num__BsmtFullBath,0.0018950931621231752
num__BsmtUnfSF,0.0018716241252302367
num__Fireplaces,0.0018200416709218089
cat__BsmtQual_Gd,0.0017788688808867104
cat__BsmtFinType1_Unf,0.0017545376329133715
num__BedroomAbvGr,0.0017448110591603066
cat__ExterQual_Gd,0.0017245060094476735
cat__MSSubClass_60,0.001687878848582923
num__TotalPorchSF,0.001660561773031106
num__Log1p_TotalBsmtSF,0.0016214048156382834
cat__BsmtExposure_Gd,0.0016120035981418348
num__2ndFlrSF,0.001553478485920377
cat__MSSubClass_30,0.0015441713491292548
num__KitchenAbvGr,0.0014972323817058276
cat__BsmtExposure_No,0.001488652415866367
num__GarageAge,0.0014621176154427083
cat__SaleCondition_Normal,0.0014554855219186243
cat__SaleCondition_Family,0.0013825465248724267
cat__Neighborhood_Crawfor,0.001374617608079327
cat__BldgType_1Fam,0.0013017394560096514
cat__BsmtFinType1_GLQ,0.0013014714790637583
cat__LotShape_Reg,0.0012813016575856857
cat__Functional_Typ,0.001260793205721193
num__LotFrontage,0.0012109940085423838
cat__LandSlope_Gtl,0.0011362214246486682
num__GarageYrBlt,0.0011357046169495812
num__HalfBath,0.0011355176535540544
num__EnclosedPorch,0.001128482869309016
cat__GarageFinish_Unf,0.0011249602312936684
num__TotRmsAbvGrd,0.0011110983226720386
num__MoSold_cos,0.001078093326774348
cat__FireplaceQu_Gd,0.0010743132631723111
cat__ExterCond_Fa,0.00104315681856466
cat__Foundation_PConc,0.0010344849090799272
num__YrSold,0.0010172476954649291
cat__MSSubClass_20,0.0009742741943230898
cat__BsmtQual_TA,0.0009610279302381626
cat__MoSold_2,0.000948603901686389
cat__Exterior1st_BrkComm,0.0009478716852976068
num__OpenPorchSF,0.000930599587202097
num__WoodDeckSF,0.0009303139360173425
num__MoSold_sin,0.0008804496543567178
cat__Functional_Maj2,0.0008421582412183596
cat__HeatingQC_TA,0.0008313328982661003
cat__PavedDrive_Y,0.0008226048854731834
num__HasGarage,0.000818183469449161
cat__GarageCond_TA,0.0008054903780598604
cat__Exterior1st_VinylSd,0.0008021825939940942
cat__Exterior2nd_Brk Cmn,0.0007848830963659534
cat__Condition1_Norm,0.0007753217048489112
cat__Fence_GdWo,0.0007724095900709498
cat__BsmtCond_Fa,0.0007677154039783329
cat__Alley_Missing,0.0007535499022102678
cat__Exterior2nd_VinylSd,0.0007507976232483173
cat__HeatingQC_Ex,0.0007493016853406597
cat__MoSold_7,0.0007422690575702696
cat__MoSold_12,0.0007394307093174172
cat__LandContour_Lvl,0.0007338568044060065
cat__PavedDrive_N,0.0007252885771968791
cat__HouseStyle_1.5Fin,0.0006889382962646147
cat__LotConfig_Inside,0.0006855867565238717
cat__Exterior1st_BrkFace,0.00066577721958923
num__Remodeled,0.0006553773344770441
cat__SaleType_WD,0.0006405794109308398
cat__MasVnrType_Stone,0.0006394315396368941
cat__Condition1_Artery,0.0006382706263542662
cat__Foundation_CBlock,0.0006366904241053764
cat__RoofStyle_Gable,0.0006355110065905129
cat__GarageFinish_Fin,0.0006267887838099261
cat__LotShape_IR1,0.0006247758576928561
cat__KitchenQual_Fa,0.0006191197568211573
cat__Neighborhood_NoRidge,0.0006144346741644745
cat__MoSold_6,0.0006095738851636735
cat__Electrical_SBrkr,0.0006026861644448335
cat__Neighborhood_NAmes,0.0006021952597202775
cat__BsmtFinType1_ALQ,0.0005996381370444003
cat__MoSold_3,0.000598505854223421
cat__HouseStyle_2Story,0.0005947467948329876
num__MasVnrArea,0.0005895055886156611
cat__Foundation_BrkTil,0.0005877920080969322
cat__MasVnrType_BrkFace,0.0005794041775224987
cat__MoSold_8,0.0005602033237394504
cat__RoofStyle_Hip,0.0005424957527053347
cat__ExterCond_TA,0.0005326818742345205
cat__Exterior1st_Wd Sdng,0.000530751462628987
cat__LotConfig_Corner,0.0005275997021278035
cat__Functional_Mod,0.0005188031717740353
cat__MSSubClass_50,0.000515853579595306
cat__HeatingQC_Gd,0.0005089718457374022
cat__LotConfig_CulDSac,0.000501909779501702
cat__LotShape_IR2,0.000495962680740469
cat__Neighborhood_Somerst,0.00047710171445017113
cat__BsmtCond_TA,0.0004751250066116929
cat__MSSubClass_160,0.00047193373798457347
cat__GarageFinish_RFn,0.0004661931822197071
cat__Fence_Missing,0.00046333619748810856
num__Has2ndFloor,0.0004575792334282521
cat__MoSold_5,0.0004505499719001162
cat__MoSold_10,0.0004491468213501313
cat__HeatingQC_Fa,0.0004454829964837487
cat__GarageCond_Missing,0.0004441914752242421
cat__GarageFinish_Missing,0.00043912796506116833
cat__HouseStyle_1Story,0.0004186351959622858
cat__BsmtFinType2_Unf,0.0004147917665943976
cat__BsmtFinType1_Rec,0.0004117214053135493
cat__BsmtExposure_Av,0.00039661565502413157
cat__BsmtFinType2_BLQ,0.0003961224581541801
cat__Exterior1st_MetalSd,0.00039245478567895173
cat__MasVnrType_Missing,0.00039222828747702797
cat__Exterior2nd_MetalSd,0.00038299936098178973
cat__MoSold_4,0.0003811294265491088
cat__Exterior2nd_Plywood,0.0003754909441573383
cat__Exterior2nd_Wd Sdng,0.0003712567872209245
cat__SaleType_New,0.00036997131124158673
cat__SaleCondition_Partial,0.00036977176768884887
cat__Neighborhood_CollgCr,0.0003597242328494282
num__BsmtHalfBath,0.00035700543918467254
cat__MoSold_1,0.00035448933949437054
cat__FireplaceQu_TA,0.00035438238643207366
cat__GarageType_Missing,0.00035397691895402137
cat__RoofMatl_CompShg,0.0003503537763239234
num__ScreenPorch,0.00034511091746502846
cat__GarageQual_Missing,0.000335321258858055
cat__Exterior2nd_BrkFace,0.0003320418331944459
cat__GarageQual_Fa,0.00032228597432444215
cat__LandSlope_Mod,0.00031966258574885563
cat__Neighborhood_ClearCr,0.0003139475238624323
cat__Exterior1st_Plywood,0.00030307556250101043
num__BsmtFinSF2,0.0003017366743245604
cat__PavedDrive_P,0.0002997755671589633
cat__Neighborhood_Sawyer,0.00029763951840459555
cat__Exterior2nd_HdBoard,0.00029642851135204605
cat__BsmtFinType1_LwQ,0.0002866465136751156
cat__ExterCond_Gd,0.0002825774732771948
cat__Exterior1st_HdBoard,0.0002812788263538816
cat__BsmtFinType1_BLQ,0.000280439770144573
cat__BsmtQual_Fa,0.0002690156512508236
cat__LandContour_HLS,0.0002643659570123465
cat__HouseStyle_SLvl,0.00026090562168839675
cat__Functional_Maj1,0.0002597368528887907
cat__LandContour_Low,0.00025849146376100016
cat__Neighborhood_SWISU,0.0002555665171169061
cat__Condition1_Feedr,0.0002533921359164376
cat__BsmtExposure_Mn,0.00025279755795664104
cat__Fence_MnPrv,0.00024121275288919368
cat__Neighborhood_IDOTRR,0.00023927798854828943
cat__MSSubClass_70,0.00023238323787860732
cat__MSSubClass_80,0.0002315487343857025
cat__Electrical_FuseA,0.00022631640165525846
cat__Alley_Grvl,0.00022463926283761496
cat__MoSold_9,0.00022459974263828485
cat__Neighborhood_NridgHt,0.00022250380292236898
cat__MasVnrType_BrkCmn,0.0002191699824198358
cat__Alley_Pave,0.00021404469035296537
cat__Neighborhood_MeadowV,0.0002128018458516717
cat__MoSold_11,0.0002118305506731422
cat__Functional_Min2,0.0002092218266555753
cat__Neighborhood_BrkSide,0.00020774046549149324
cat__Exterior2nd_Stucco,0.00020763455371496147
cat__GarageType_CarPort,0.0002062804639029805
cat__FireplaceQu_Po,0.0002014179434854112
cat__RoofMatl_Tar&Grv,0.00020070820728076527
cat__Neighborhood_NWAmes,0.00019360562514786003
cat__Condition2_Norm,0.0001922186464311119
cat__MiscFeature_Missing,0.00019185873030074378
cat__Exterior1st_CemntBd,0.0001900642268767442
cat__Electrical_FuseF,0.0001893567594562751
cat__Neighborhood_StoneBr,0.0001880223167159061
num__3SsnPorch,0.00018709475070767463
cat__Exterior2nd_CmentBd,0.00017785524951518993
cat__GarageCond_Fa,0.00017781758515403586
cat__Heating_Grav,0.0001745218516011677
cat__Neighborhood_Mitchel,0.00016923371708522583
cat__BldgType_Duplex,0.0001649470180344419
cat__RoofStyle_Flat,0.0001614345844733276
cat__SaleType_COD,0.00015157124338787754
cat__GarageType_BuiltIn,0.0001505280708424296
cat__Fence_GdPrv,0.00014765116914955385
cat__Heating_GasA,0.00014647953128020237
cat__Exterior2nd_Wd Shng,0.0001464394467731982
cat__RoofStyle_Gambrel,0.0001464271802079495
cat__ExterQual_Ex,0.00014630409856507428
cat__BsmtCond_Gd,0.00014471506447949218
cat__LotConfig_FR2,0.0001436191542260607
cat__MSSubClass_90,0.0001426157606855837
cat__Condition1_RRAe,0.00014200898361655057
cat__MSSubClass_120,0.00013993403727906867
cat__BldgType_TwnhsE,0.00013419082902180367
num__LowQualFinSF,0.00013157085317243243
cat__Neighborhood_Gilbert,0.00012697412361216106
cat__Functional_Min1,0.00012330690435099006
cat__MSSubClass_190,0.00010917485445702767
cat__MSZoning_FV,0.0001056324984830398
cat__BldgType_Twnhs,0.00010412266356471053
cat__Neighborhood_BrDale,0.00010126492064245127
num__MiscVal,9.803070288261742e-05
cat__SaleCondition_Alloca,9.316808616223747e-05
cat__Exterior2nd_AsbShng,9.105374551215473e-05
cat__Neighborhood_SawyerW,9.075121400159676e-05
cat__Condition1_PosN,8.669332261903509e-05
cat__Neighborhood_Timber,8.278085719024544e-05
cat__LandSlope_Sev,7.936366140516533e-05
cat__PoolQC_Missing,7.915911301784192e-05
cat__GarageType_Basment,7.737218065943276e-05
cat__FireplaceQu_Ex,7.582180569934186e-05
cat__MiscFeature_Shed,7.383837778320638e-05
cat__BsmtFinType2_Rec,7.255898397042003e-05
cat__Condition1_PosA,7.236666015427775e-05
cat__SaleType_ConLD,6.777780985349687e-05
cat__Exterior1st_WdShing,6.417485031869818e-05
cat__BldgType_2fmCon,6.370824429493883e-05
cat__BsmtFinType2_LwQ,6.276836029720824e-05
num__HasBsmt,6.261152279113417e-05
cat__Exterior1st_AsbShng,5.9132479401771836e-05
cat__Neighborhood_Blmngtn,5.888216136231709e-05
cat__MiscFeature_Othr,5.430691239514379e-05
cat__BsmtFinType2_Missing,5.28753661629048e-05
cat__Condition1_RRAn,5.108080270195187e-05
cat__Exterior1st_Stucco,5.049032769923155e-05
cat__BsmtCond_Missing,4.936487306619227e-05
cat__BsmtFinType1_Missing,4.824201634107772e-05
cat__Street_Pave,4.565035472471412e-05
cat__BsmtExposure_Missing,4.510962278043768e-05
cat__SaleType_CWD,4.391062301665189e-05
cat__BsmtFinType2_GLQ,4.2944681518918835e-05
cat__LotShape_IR3,4.291315196905344e-05
cat__HouseStyle_2.5Unf,4.2041869925211706e-05
cat__MSSubClass_75,4.1610968958423104e-05
cat__FireplaceQu_Fa,4.1576284162386814e-05
cat__Neighborhood_NPkVill,3.9697236710072e-05
cat__BsmtQual_Missing,3.7602845978563444e-05
cat__Heating_GasW,3.71994656044152e-05
cat__MSZoning_RH,3.598035269465594e-05
cat__Functional_Sev,3.365427242165219e-05
cat__GarageQual_Gd,3.3278723421181726e-05
cat__Neighborhood_Veenker,3.2892082600958594e-05
cat__Street_Grvl,3.2852963093175485e-05
cat__HouseStyle_2.5Fin,2.8857383427362585e-05
cat__MSSubClass_40,2.8633444155009492e-05
num__PoolArea,2.8231555264859514e-05
cat__BsmtFinType2_ALQ,2.7421555987239105e-05
cat__GarageQual_Po,2.716972588879834e-05
cat__PoolQC_Gd,2.6685485127882405e-05
cat__Condition2_PosN,2.657009495688875e-05
cat__HouseStyle_1.5Unf,2.505599559699212e-05
cat__Foundation_Slab,2.4408844879556908e-05
cat__LotConfig_FR3,2.3793560904666742e-05
cat__RoofMatl_ClyTile,2.350421210111363e-05
cat__SaleType_Oth,2.1549637757452853e-05
cat__GarageCond_Gd,2.0148938534059206e-05
cat__BsmtCond_Po,2.008973181505196e-05
cat__HouseStyle_SFoyer,1.987294569810515e-05
cat__Condition2_Feedr,1.9776317267154932e-05
cat__GarageType_2Types,1.9557208849372257e-05
cat__RoofMatl_WdShngl,1.906299632338642e-05
cat__Electrical_Mix,1.8956487145772664e-05
cat__GarageCond_Po,1.860340075844822e-05
num__HasPool,1.783279425087608e-05
cat__Heating_OthW,1.7692496245566767e-05
cat__MSSubClass_85,1.763997970813578e-05
cat__Exterior2nd_ImStucc,1.7622807267899e-05
cat__MSSubClass_45,1.7505812422614994e-05
cat__SaleType_Con,1.3199715206783807e-05
cat__SaleType_ConLI,1.3004734354977326e-05
cat__MSSubClass_180,1.1632934917406872e-05
cat__ExterCond_Ex,1.1572665870733645e-05
cat__Fence_MnWw,1.1253992670881218e-05
cat__Electrical_FuseP,9.654583488800084e-06
cat__SaleType_ConLw,9.627634144454285e-06
cat__Foundation_Wood,9.530674494909182e-06
cat__SaleCondition_AdjLand,8.942309752662977e-06
cat__Exterior2nd_Stone,8.71327623686299e-06
cat__MiscFeature_Gar2,8.225479854354387e-06
cat__GarageQual_Ex,6.659518448701811e-06
cat__Foundation_Stone,6.607006063381082e-06
cat__ExterCond_Po,6.3700590012972205e-06
cat__Condition2_Artery,5.9391159356280134e-06
cat__Exterior1st_Stone,5.874112284705169e-06
cat__Condition1_RRNn,5.736271780203787e-06
cat__RoofMatl_WdShake,4.752343438491309e-06
cat__Electrical_Missing,4.242714353941082e-06
cat__RoofMatl_Membran,4.213124639203843e-06
cat__GarageCond_Ex,3.6864945344845486e-06
cat__RoofStyle_Mansard,3.581875683033714e-06
cat__Condition2_RRNn,3.4843124025825924e-06
cat__PoolQC_Ex,3.4660026152245076e-06
cat__RoofStyle_Shed,3.133847367157169e-06
cat__RoofMatl_Metal,3.0941983475058697e-06
cat__PoolQC_Fa,2.7092951820654394e-06
cat__Exterior2nd_AsphShn,2.5380693487944005e-06
cat__Neighborhood_Blueste,2.4985389667267572e-06
cat__Condition2_PosA,2.4456718608232022e-06
cat__Heating_Wall,2.39085835327988e-06
cat__Exterior2nd_Other,2.3630454722775103e-06
cat__Exterior1st_AsphShn,2.1045324568912116e-06
cat__Condition1_RRNe,1.8420600439597581e-06
cat__Heating_Floor,1.4560916246328086e-06
cat__Condition2_RRAn,1.3603850773199029e-06
cat__Condition2_RRAe,1.165818097811953e-06
cat__Utilities_NoSeWa,1.0231272174392727e-06
cat__MiscFeature_TenC,8.59025722388083e-07
cat__Exterior1st_CBlock,8.146402659762126e-07
cat__HeatingQC_Po,7.751824473169273e-07
cat__Utilities_AllPub,6.411141686238057e-07
cat__Exterior2nd_CBlock,5.817035613215273e-07
cat__RoofMatl_Roll,2.8059615027771e-07
cat__Exterior1st_ImStucc,1.4272245360542244e-07
